Date,Close
2012-01-02,589.2999877929688
2012-01-03,598.7999877929688
2012-01-04,586.5
2012-01-05,586.0
2012-01-06,584.7000122070312
2012-01-09,585.6749877929688
2012-01-10,582.7000122070312
2012-01-11,568.5
2012-01-12,544.75
2012-01-13,542.875
2012-01-16,554.7000122070312
2012-01-17,551.9749755859375
2012-01-18,538.0750122070312
2012-01-19,537.7750244140625
2012-01-20,539.75
2012-01-23,538.8499755859375
2012-01-24,544.3499755859375
2012-01-25,549.0
2012-01-27,554.375
2012-01-30,555.875
2012-01-31,566.2000122070312
2012-02-01,564.3499755859375
2012-02-02,574.0
2012-02-03,585.7750244140625
2012-02-06,596.9249877929688
2012-02-07,599.0
2012-02-08,609.8250122070312
2012-02-09,614.2999877929688
2012-02-10,616.7000122070312
2012-02-13,612.8499755859375
2012-02-14,610.0
2012-02-15,620.7999877929688
2012-02-16,612.6749877929688
2012-02-17,614.375
2012-02-21,618.5250244140625
2012-02-22,626.1749877929688
2012-02-23,629.9000244140625
2012-02-24,635.0
2012-02-27,626.0250244140625
2012-02-28,613.2750244140625
2012-02-29,610.9749755859375
2012-03-01,609.7999877929688
2012-03-02,608.625
2012-03-05,603.6500244140625
2012-03-06,601.0
2012-03-07,596.4249877929688
2012-03-09,604.2750244140625
2012-03-12,594.5250244140625
2012-03-13,598.5
2012-03-14,577.2750244140625
2012-03-15,581.8499755859375
2012-03-16,584.7750244140625
2012-03-19,561.0
2012-03-20,567.4249877929688
2012-03-21,587.875
2012-03-22,583.875
2012-03-23,592.3250122070312
2012-03-26,580.7999877929688
2012-03-27,587.375
2012-03-28,582.5499877929688
2012-03-29,570.5999755859375
2012-03-30,584.4000244140625
2012-04-02,597.125
2012-04-03,589.0
2012-04-04,589.2249755859375
2012-04-09,582.0499877929688
2012-04-10,578.0999755859375
2012-04-11,569.0499877929688
2012-04-12,565.8250122070312
2012-04-13,534.1749877929688
2012-04-16,534.875
2012-04-17,545.4249877929688
2012-04-18,548.7750244140625
2012-04-19,551.4749755859375
2012-04-20,544.2249755859375
2012-04-23,532.125
2012-04-24,597.0999755859375
2012-04-25,585.5250244140625
2012-04-26,597.3250122070312
2012-04-27,602.0
2012-04-30,623.2999877929688
2012-05-02,633.625
2012-05-03,639.75
2012-05-04,638.4000244140625
2012-05-07,636.625
2012-05-08,600.3499755859375
2012-05-09,612.7750244140625
2012-05-10,616.2750244140625
2012-05-11,615.375
2012-05-14,612.9749755859375
2012-05-15,613.1500244140625
2012-05-16,611.7000122070312
2012-05-17,611.0
2012-05-18,605.3250122070312
2012-05-21,604.5999755859375
2012-05-22,612.0250244140625
2012-05-23,612.5750122070312
2012-05-24,610.7249755859375
2012-05-25,610.4000244140625
2012-05-28,612.3499755859375
2012-05-29,620.1749877929688
2012-05-30,620.2750244140625
2012-05-31,622.6749877929688
2012-06-01,612.2999877929688
2012-06-04,606.625
2012-06-05,613.25
2012-06-06,625.5750122070312
2012-06-07,620.0999755859375
2012-06-08,615.4500122070312
2012-06-11,616.7750244140625
2012-06-12,624.0499877929688
2012-06-13,625.2000122070312
2012-06-14,627.0
2012-06-15,636.2249755859375
2012-06-18,628.5750122070312
2012-06-19,636.9749755859375
2012-06-20,626.4000244140625
2012-06-21,612.0250244140625
2012-06-22,616.7249755859375
2012-06-25,608.375
2012-06-26,617.5499877929688
2012-06-27,623.3499755859375
2012-06-28,629.4249877929688
2012-06-29,638.7249755859375
2012-07-02,629.7249755859375
2012-07-03,619.7000122070312
2012-07-04,623.9249877929688
2012-07-05,620.2999877929688
2012-07-06,623.875
2012-07-09,629.7000122070312
2012-07-10,630.8499755859375
2012-07-11,629.1500244140625
2012-07-12,618.0
2012-07-13,624.7000122070312
2012-07-16,603.6749877929688
2012-07-17,592.9500122070312
2012-07-18,597.6500244140625
2012-07-19,600.5
2012-07-20,611.5250244140625
2012-07-23,607.125
2012-07-24,604.5750122070312
2012-07-25,606.5750122070312
2012-07-26,599.2249755859375
2012-07-27,612.6500244140625
2012-07-30,615.5
2012-07-31,621.8250122070312
2012-08-01,612.3250122070312
2012-08-02,616.4000244140625
2012-08-03,618.4500122070312
2012-08-06,614.4500122070312
2012-08-07,632.0250244140625
2012-08-08,624.5999755859375
2012-08-09,629.0750122070312
2012-08-10,640.0250244140625
2012-08-13,633.1500244140625
2012-08-14,634.2000122070312
2012-08-16,631.7750244140625
2012-08-17,639.2999877929688
2012-08-21,649.3250122070312
2012-08-22,645.8250122070312
2012-08-23,661.7249755859375
2012-08-24,661.4249877929688
2012-08-27,660.2249755859375
2012-08-28,675.4500122070312
2012-08-29,671.6500244140625
2012-08-30,683.5750122070312
2012-08-31,671.875
2012-09-03,668.9249877929688
2012-09-04,670.4249877929688
2012-09-05,682.25
2012-09-06,687.7999877929688
2012-09-07,693.3499755859375
2012-09-10,685.7249755859375
2012-09-11,696.3250122070312
2012-09-12,707.4500122070312
2012-09-13,708.8499755859375
2012-09-14,706.5499877929688
2012-09-17,671.0499877929688
2012-09-18,649.9000244140625
2012-09-20,661.0
2012-09-21,652.0250244140625
2012-09-24,644.7249755859375
2012-09-25,646.5999755859375
2012-09-26,642.7999877929688
2012-09-27,635.7750244140625
2012-09-28,647.9500122070312
2012-10-01,651.4749755859375
2012-10-03,661.3250122070312
2012-10-04,658.5750122070312
2012-10-05,652.0
2012-10-08,646.3499755859375
2012-10-09,647.4249877929688
2012-10-10,644.6749877929688
2012-10-11,644.7249755859375
2012-10-12,649.2249755859375
2012-10-15,647.3250122070312
2012-10-16,647.9500122070312
2012-10-17,641.5750122070312
2012-10-18,653.6749877929688
2012-10-19,644.8499755859375
2012-10-22,659.4500122070312
2012-10-23,657.2999877929688
2012-10-25,657.6749877929688
2012-10-29,654.2000122070312
2012-10-30,655.75
2012-10-31,657.75
2012-11-01,657.625
2012-11-02,665.5999755859375
2012-11-05,664.7999877929688
2012-11-06,660.2750244140625
2012-11-07,665.75
2012-11-08,665.5999755859375
2012-11-09,662.4749755859375
2012-11-12,667.25
2012-11-15,647.0750122070312
2012-11-16,643.4000244140625
2012-11-19,631.1749877929688
2012-11-20,636.4000244140625
2012-11-21,641.0999755859375
2012-11-22,638.2249755859375
2012-11-23,644.2999877929688
2012-11-26,646.8499755859375
2012-11-27,647.5999755859375
2012-11-29,649.0499877929688
2012-11-30,657.0
2012-12-03,658.4000244140625
2012-12-04,649.7249755859375
2012-12-05,648.9500122070312
2012-12-06,640.3499755859375
2012-12-07,632.0750122070312
2012-12-10,618.5999755859375
2012-12-11,609.8499755859375
2012-12-12,612.9000244140625
2012-12-13,611.2750244140625
2012-12-14,621.4500122070312
2012-12-17,602.75
2012-12-18,605.3250122070312
2012-12-19,616.3250122070312
2012-12-20,626.0250244140625
2012-12-21,629.3499755859375
2012-12-24,633.0999755859375
2012-12-26,631.0999755859375
2012-12-27,625.4749755859375
2012-12-28,633.75
2012-12-31,627.9249877929688
2013-01-01,632.0750122070312
2013-01-02,631.6500244140625
2013-01-03,640.2999877929688
2013-01-04,649.5999755859375
2013-01-07,647.4249877929688
2013-01-08,650.125
2013-01-09,638.2999877929688
2013-01-10,629.2000122070312
2013-01-11,653.1749877929688
2013-01-14,667.25
2013-01-15,668.7249755859375
2013-01-16,673.875
2013-01-17,681.0
2013-01-18,675.5
2013-01-21,665.0
2013-01-22,658.75
2013-01-23,655.9749755859375
2013-01-24,664.2750244140625
2013-01-25,670.25
2013-01-28,672.5250244140625
2013-01-29,672.4749755859375
2013-01-30,673.0750122070312
2013-01-31,672.0750122070312
2013-02-01,674.0499877929688
2013-02-04,678.1749877929688
2013-02-05,680.0250244140625
2013-02-06,685.2750244140625
2013-02-07,693.5750122070312
2013-02-08,711.2999877929688
2013-02-11,707.3499755859375
2013-02-12,705.0250244140625
2013-02-13,717.7000122070312
2013-02-14,723.8499755859375
2013-02-15,721.0750122070312
2013-02-18,712.6749877929688
2013-02-19,721.7750244140625
2013-02-20,726.4000244140625
2013-02-21,725.5250244140625
2013-02-22,727.5499877929688
2013-02-25,736.8499755859375
2013-02-26,748.2000122070312
2013-02-27,741.5999755859375
2013-02-28,758.5
2013-03-01,750.9249877929688
2013-03-04,756.5999755859375
2013-03-05,770.0750122070312
2013-03-06,780.5999755859375
2013-03-07,794.9500122070312
2013-03-08,791.5750122070312
2013-03-11,783.0999755859375
2013-03-12,780.25
2013-03-13,775.8499755859375
2013-03-14,783.8499755859375
2013-03-15,785.125
2013-03-18,783.4749755859375
2013-03-19,773.375
2013-03-20,778.8250122070312
2013-03-21,779.9749755859375
2013-03-22,771.0750122070312
2013-03-25,771.6749877929688
2013-03-26,778.1749877929688
2013-03-28,787.875
2013-04-01,778.4249877929688
2013-04-02,783.6749877929688
2013-04-03,771.7000122070312
2013-04-04,753.9000244140625
2013-04-05,749.1749877929688
2013-04-08,740.375
2013-04-09,748.7000122070312
2013-04-10,765.2249755859375
2013-04-11,768.4500122070312
2013-04-12,755.875
2013-04-15,736.2249755859375
2013-04-16,741.5750122070312
2013-04-17,728.3250122070312
2013-04-18,726.375
2013-04-22,712.6500244140625
2013-04-23,715.2750244140625
2013-04-25,701.1500244140625
2013-04-26,684.6749877929688
2013-04-29,685.375
2013-04-30,689.2000122070312
2013-05-02,716.9500122070312
2013-05-03,709.25
2013-05-06,733.5999755859375
2013-05-07,735.7999877929688
2013-05-08,740.0499877929688
2013-05-09,749.2249755859375
2013-05-10,747.9500122070312
2013-05-13,725.7999877929688
2013-05-14,728.9749755859375
2013-05-15,735.7750244140625
2013-05-16,727.0250244140625
2013-05-17,736.9000244140625
2013-05-20,736.2000122070312
2013-05-21,746.4249877929688
2013-05-22,749.2000122070312
2013-05-23,746.3499755859375
2013-05-24,734.7750244140625
2013-05-27,749.0
2013-05-28,757.0499877929688
2013-05-29,748.6749877929688
2013-05-30,749.7000122070312
2013-05-31,749.2249755859375
2013-06-03,734.7000122070312
2013-06-04,732.6749877929688
2013-06-05,733.9000244140625
2013-06-06,735.375
2013-06-07,759.4749755859375
2013-06-10,762.5250244140625
2013-06-11,750.7750244140625
2013-06-12,734.0499877929688
2013-06-13,722.8250122070312
2013-06-14,725.3499755859375
2013-06-17,726.2249755859375
2013-06-18,721.9000244140625
2013-06-19,713.8499755859375
2013-06-20,702.25
2013-06-21,711.125
2013-06-24,705.3499755859375
2013-06-25,696.1500244140625
2013-06-26,718.8499755859375
2013-06-27,745.9500122070312
2013-06-28,759.0750122070312
2013-07-01,746.1749877929688
2013-07-02,750.2750244140625
2013-07-03,744.9000244140625
2013-07-04,769.1500244140625
2013-07-05,765.0999755859375
2013-07-08,753.3250122070312
2013-07-09,752.4500122070312
2013-07-10,755.9749755859375
2013-07-11,782.2750244140625
2013-07-12,804.9249877929688
2013-07-15,820.875
2013-07-16,824.6749877929688
2013-07-17,839.25
2013-07-18,830.2000122070312
2013-07-19,871.4000244140625
2013-07-22,873.25
2013-07-23,874.9000244140625
2013-07-24,891.4000244140625
2013-07-25,897.875
2013-07-26,887.25
2013-07-29,889.5999755859375
2013-07-30,896.1500244140625
2013-07-31,907.75
2013-08-01,907.7000122070312
2013-08-02,922.9249877929688
2013-08-05,933.5999755859375
2013-08-06,935.0499877929688
2013-08-07,911.3499755859375
2013-08-08,922.7000122070312
2013-08-12,907.0
2013-08-13,909.9000244140625
2013-08-14,916.75
2013-08-16,890.4500122070312
2013-08-19,888.7249755859375
2013-08-20,868.2000122070312
2013-08-21,858.9000244140625
2013-08-22,889.4749755859375
2013-08-23,914.7249755859375
2013-08-26,921.0
2013-08-27,919.4000244140625
2013-08-28,953.9500122070312
2013-08-29,973.5499877929688
2013-08-30,1016.5999755859375
2013-09-02,1028.425048828125
2013-09-03,1000.5499877929688
2013-09-04,1034.550048828125
2013-09-05,995.375
2013-09-06,994.4000244140625
2013-09-10,993.9500122070312
2013-09-11,996.9000244140625
2013-09-12,983.9500122070312
2013-09-13,976.875
2013-09-16,951.2750244140625
2013-09-17,973.7249755859375
2013-09-18,977.25
2013-09-19,983.1500244140625
2013-09-20,975.1500244140625
2013-09-23,977.5499877929688
2013-09-24,969.75
2013-09-25,979.5250244140625
2013-09-26,971.4500122070312
2013-09-27,974.0499877929688
2013-09-30,963.9000244140625
2013-10-01,974.5250244140625
2013-10-03,1012.2999877929688
2013-10-04,1016.7999877929688
2013-10-07,1044.875
2013-10-08,1030.7249755859375
2013-10-09,1045.425048828125
2013-10-10,1040.0
2013-10-11,1061.0250244140625
2013-10-14,1106.375
2013-10-15,1107.699951171875
2013-10-17,1054.2249755859375
2013-10-18,1060.324951171875
2013-10-21,1035.824951171875
2013-10-22,1044.675048828125
2013-10-23,1030.574951171875
2013-10-24,1004.3499755859375
2013-10-25,1033.875
2013-10-28,1031.9749755859375
2013-10-29,1034.9000244140625
2013-10-30,1045.9749755859375
2013-10-31,1056.0250244140625
2013-11-01,1048.800048828125
2013-11-05,1021.0
2013-11-06,1045.550048828125
2013-11-07,1060.9749755859375
2013-11-08,1045.425048828125
2013-11-11,1047.324951171875
2013-11-12,1043.574951171875
2013-11-13,1024.5
2013-11-14,1013.0999755859375
2013-11-18,1022.0
2013-11-19,1014.9500122070312
2013-11-20,1011.7999877929688
2013-11-21,993.2999877929688
2013-11-22,1000.4249877929688
2013-11-25,1006.625
2013-11-26,996.8499755859375
2013-11-27,993.2249755859375
2013-11-28,992.2999877929688
2013-11-29,1002.1749877929688
2013-12-02,1006.9500122070312
2013-12-03,1010.4000244140625
2013-12-04,1000.0250244140625
2013-12-05,993.5750122070312
2013-12-06,1000.1500244140625
2013-12-09,1002.4249877929688
2013-12-10,1041.375
2013-12-11,1029.0250244140625
2013-12-12,1014.4500122070312
2013-12-13,1000.9000244140625
2013-12-16,1009.5750122070312
2013-12-17,1022.6749877929688
2013-12-18,1027.9000244140625
2013-12-19,1040.75
2013-12-20,1060.2750244140625
2013-12-23,1054.5250244140625
2013-12-24,1055.3499755859375
2013-12-26,1050.1500244140625
2013-12-27,1080.324951171875
2013-12-30,1078.0250244140625
2013-12-31,1086.0250244140625
2014-01-01,1076.6500244140625
2014-01-02,1083.5
2014-01-03,1111.0999755859375
2014-01-06,1119.800048828125
2014-01-07,1103.074951171875
2014-01-08,1116.324951171875
2014-01-09,1120.9749755859375
2014-01-10,1140.449951171875
2014-01-13,1184.375
2014-01-14,1163.375
2014-01-15,1176.800048828125
2014-01-16,1175.1500244140625
2014-01-17,1106.5250244140625
2014-01-20,1169.0999755859375
2014-01-21,1140.1500244140625
2014-01-22,1137.0250244140625
2014-01-23,1126.2249755859375
2014-01-24,1124.3499755859375
2014-01-27,1114.800048828125
2014-01-28,1106.175048828125
2014-01-29,1104.9000244140625
2014-01-30,1108.800048828125
2014-01-31,1120.5250244140625
2014-02-03,1097.2249755859375
2014-02-04,1075.675048828125
2014-02-05,1097.199951171875
2014-02-06,1087.625
2014-02-07,1072.199951171875
2014-02-10,1046.7750244140625
2014-02-11,1050.8499755859375
2014-02-12,1052.7249755859375
2014-02-13,1066.875
2014-02-14,1083.949951171875
2014-02-17,1082.699951171875
2014-02-18,1083.0
2014-02-19,1098.9749755859375
2014-02-20,1094.675048828125
2014-02-21,1102.8499755859375
2014-02-24,1088.949951171875
2014-02-25,1094.449951171875
2014-02-26,1091.074951171875
2014-02-28,1137.875
2014-03-03,1120.0250244140625
2014-03-04,1120.324951171875
2014-03-05,1125.949951171875
2014-03-06,1120.375
2014-03-07,1114.25
2014-03-10,1071.324951171875
2014-03-11,1075.824951171875
2014-03-12,1089.7249755859375
2014-03-13,1074.7750244140625
2014-03-14,1069.7750244140625
2014-03-18,1061.0
2014-03-19,1019.7000122070312
2014-03-20,1054.0999755859375
2014-03-21,1063.5
2014-03-24,1076.300048828125
2014-03-25,1073.324951171875
2014-03-26,1046.75
2014-03-27,1047.125
2014-03-28,1051.050048828125
2014-03-31,1066.574951171875
2014-04-01,1088.3499755859375
2014-04-02,1086.125
2014-04-03,1083.25
2014-04-04,1069.425048828125
2014-04-07,1076.9000244140625
2014-04-09,1070.199951171875
2014-04-10,1063.074951171875
2014-04-11,1082.050048828125
2014-04-15,1126.375
2014-04-16,1098.1500244140625
2014-04-17,1111.449951171875
2014-04-21,1110.875
2014-04-22,1110.5250244140625
2014-04-23,1106.875
2014-04-24,1106.875
2014-04-25,1102.625
2014-04-28,1095.675048828125
2014-04-29,1097.125
2014-04-30,1094.5999755859375
2014-05-02,1104.2249755859375
2014-05-05,1106.8499755859375
2014-05-06,1099.449951171875
2014-05-07,1082.7750244140625
2014-05-08,1081.0250244140625
2014-05-09,1079.949951171875
2014-05-12,1079.675048828125
2014-05-13,1105.4749755859375
2014-05-14,1108.050048828125
2014-05-15,1096.574951171875
2014-05-16,1080.375
2014-05-19,1018.3499755859375
2014-05-20,1034.0999755859375
2014-05-21,1041.425048828125
2014-05-22,1055.9749755859375
2014-05-23,1063.949951171875
2014-05-26,1077.0
2014-05-27,1065.7249755859375
2014-05-28,1075.2750244140625
2014-05-29,1079.9749755859375
2014-05-30,1070.675048828125
2014-06-02,1064.925048828125
2014-06-03,1064.300048828125
2014-06-04,1044.625
2014-06-05,1052.074951171875
2014-06-06,1042.125
2014-06-09,1056.9000244140625
2014-06-10,1079.074951171875
2014-06-11,1103.4749755859375
2014-06-12,1118.675048828125
2014-06-13,1106.7750244140625
2014-06-16,1134.875
2014-06-17,1139.925048828125
2014-06-18,1113.5250244140625
2014-06-19,1138.0250244140625
2014-06-20,1146.199951171875
2014-06-23,1134.425048828125
2014-06-24,1154.5250244140625
2014-06-25,1155.2750244140625
2014-06-26,1153.824951171875
2014-06-27,1199.7750244140625
2014-06-30,1212.699951171875
2014-07-01,1195.375
2014-07-02,1200.800048828125
2014-07-03,1208.949951171875
2014-07-04,1205.25
2014-07-07,1244.2750244140625
2014-07-08,1224.7249755859375
2014-07-09,1199.074951171875
2014-07-10,1175.9000244140625
2014-07-11,1197.2249755859375
2014-07-14,1213.125
2014-07-15,1199.6500244140625
2014-07-16,1200.925048828125
2014-07-17,1190.9749755859375
2014-07-18,1220.5999755859375
2014-07-21,1231.875
2014-07-22,1266.199951171875
2014-07-23,1293.074951171875
2014-07-24,1297.5999755859375
2014-07-25,1302.875
2014-07-28,1294.6500244140625
2014-07-30,1297.5250244140625
2014-07-31,1290.0250244140625
2014-08-01,1258.199951171875
2014-08-04,1263.0250244140625
2014-08-05,1261.8499755859375
2014-08-06,1253.324951171875
2014-08-07,1234.9000244140625
2014-08-08,1239.3499755859375
2014-08-11,1234.199951171875
2014-08-12,1235.875
2014-08-13,1250.0250244140625
2014-08-14,1249.875
2014-08-18,1243.800048828125
2014-08-19,1219.25
2014-08-20,1218.0999755859375
2014-08-21,1216.2249755859375
2014-08-22,1232.0999755859375
2014-08-25,1261.0250244140625
2014-08-26,1266.9000244140625
2014-08-27,1274.9749755859375
2014-08-28,1261.175048828125
2014-09-01,1268.574951171875
2014-09-02,1268.949951171875
2014-09-03,1303.199951171875
2014-09-04,1292.375
2014-09-05,1299.300048828125
2014-09-08,1321.3499755859375
2014-09-09,1315.625
2014-09-10,1300.074951171875
2014-09-11,1299.175048828125
2014-09-12,1303.800048828125
2014-09-15,1279.1500244140625
2014-09-16,1275.425048828125
2014-09-17,1295.5999755859375
2014-09-18,1321.1500244140625
2014-09-19,1357.0999755859375
2014-09-22,1360.9000244140625
2014-09-23,1344.0999755859375
2014-09-24,1321.5
2014-09-25,1354.300048828125
2014-09-26,1342.0
2014-09-29,1383.9749755859375
2014-09-30,1368.300048828125
2014-10-01,1387.800048828125
2014-10-07,1365.675048828125
2014-10-08,1341.5999755859375
2014-10-09,1353.0250244140625
2014-10-10,1339.25
2014-10-13,1358.2750244140625
2014-10-14,1349.5999755859375
2014-10-15,1349.5999755859375
2014-10-16,1339.050048828125
2014-10-17,1220.574951171875
2014-10-20,1211.6500244140625
2014-10-21,1216.699951171875
2014-10-22,1225.925048828125
2014-10-27,1228.574951171875
2014-10-28,1239.300048828125
2014-10-29,1253.0250244140625
2014-10-30,1279.0999755859375
2014-10-31,1303.925048828125
2014-11-03,1295.175048828125
2014-11-05,1299.75
2014-11-07,1286.425048828125
2014-11-10,1284.824951171875
2014-11-11,1290.3499755859375
2014-11-12,1295.875
2014-11-13,1294.2249755859375
2014-11-14,1303.2249755859375
2014-11-17,1309.1500244140625
2014-11-18,1292.925048828125
2014-11-19,1286.875
2014-11-20,1302.7249755859375
2014-11-21,1311.074951171875
2014-11-24,1328.8499755859375
2014-11-25,1318.0
2014-11-26,1313.6500244140625
2014-11-27,1326.6500244140625
2014-11-28,1321.5
2014-12-01,1346.4749755859375
2014-12-02,1328.6500244140625
2014-12-03,1317.675048828125
2014-12-04,1318.9749755859375
2014-12-05,1289.4749755859375
2014-12-08,1256.4000244140625
2014-12-09,1257.425048828125
2014-12-10,1253.949951171875
2014-12-11,1246.074951171875
2014-12-12,1225.3499755859375
2014-12-15,1179.324951171875
2014-12-16,1221.5250244140625
2014-12-17,1222.050048828125
2014-12-18,1230.3499755859375
2014-12-19,1255.2750244140625
2014-12-22,1256.699951171875
2014-12-23,1258.3499755859375
2014-12-24,1239.949951171875
2014-12-26,1252.5
2014-12-29,1261.449951171875
2014-12-30,1265.0250244140625
2014-12-31,1279.125
2015-01-01,1272.7750244140625
2015-01-02,1289.7249755859375
2015-01-05,1270.125
2015-01-06,1223.300048828125
2015-01-07,1208.8499755859375
2015-01-08,1221.9000244140625
2015-01-09,1256.1500244140625
2015-01-12,1254.8499755859375
2015-01-13,1248.949951171875
2015-01-14,1260.9749755859375
2015-01-15,1269.550048828125
2015-01-16,1266.074951171875
2015-01-19,1255.5
2015-01-20,1250.2249755859375
2015-01-21,1256.9000244140625
2015-01-22,1256.7750244140625
2015-01-23,1251.800048828125
2015-01-27,1251.0250244140625
2015-01-28,1269.800048828125
2015-01-29,1272.324951171875
2015-01-30,1241.0250244140625
2015-02-02,1257.0999755859375
2015-02-03,1279.125
2015-02-04,1257.1500244140625
2015-02-05,1276.199951171875
2015-02-06,1287.875
2015-02-09,1256.449951171875
2015-02-10,1220.574951171875
2015-02-11,1229.949951171875
2015-02-12,1231.074951171875
2015-02-13,1269.375
2015-02-16,1292.4000244140625
2015-02-18,1317.824951171875
2015-02-19,1340.5250244140625
2015-02-20,1337.7750244140625
2015-02-23,1348.324951171875
2015-02-24,1352.375
2015-02-25,1336.0999755859375
2015-02-26,1328.2249755859375
2015-02-27,1331.175048828125
2015-03-02,1334.699951171875
2015-03-03,1388.0
2015-03-04,1373.0
2015-03-05,1348.2249755859375
2015-03-09,1323.4000244140625
2015-03-10,1321.3499755859375
2015-03-11,1303.2750244140625
2015-03-12,1309.5250244140625
2015-03-13,1291.175048828125
2015-03-16,1281.1500244140625
2015-03-17,1291.8499755859375
2015-03-18,1279.675048828125
2015-03-19,1298.125
2015-03-20,1305.4749755859375
2015-03-23,1308.574951171875
2015-03-24,1295.6500244140625
2015-03-25,1286.875
2015-03-26,1256.550048828125
2015-03-27,1257.4000244140625
2015-03-30,1282.074951171875
2015-03-31,1276.9749755859375
2015-04-01,1271.324951171875
2015-04-06,1273.6500244140625
2015-04-07,1292.5
2015-04-08,1320.699951171875
2015-04-09,1332.2750244140625
2015-04-10,1326.875
2015-04-13,1327.75
2015-04-15,1313.875
2015-04-16,1291.4000244140625
2015-04-17,1237.425048828125
2015-04-20,1214.4000244140625
2015-04-21,1213.5250244140625
2015-04-22,1222.550048828125
2015-04-23,1228.625
2015-04-24,1246.5250244140625
2015-04-27,1250.0999755859375
2015-04-28,1247.5
2015-04-29,1243.6500244140625
2015-04-30,1231.8499755859375
2015-05-04,1240.7750244140625
2015-05-05,1258.925048828125
2015-05-06,1231.5250244140625
2015-05-07,1272.625
2015-05-08,1263.625
2015-05-11,1278.0
2015-05-12,1261.449951171875
2015-05-13,1257.699951171875
2015-05-14,1249.625
2015-05-15,1255.574951171875
2015-05-18,1260.199951171875
2015-05-19,1256.3499755859375
2015-05-20,1278.5250244140625
2015-05-21,1277.75
2015-05-22,1308.949951171875
2015-05-25,1300.5
2015-05-26,1304.425048828125
2015-05-27,1307.625
2015-05-28,1304.75
2015-05-29,1305.1500244140625
2015-06-01,1308.875
2015-06-02,1299.949951171875
2015-06-03,1305.449951171875
2015-06-04,1302.824951171875
2015-06-05,1287.925048828125
2015-06-08,1288.7249755859375
2015-06-09,1280.824951171875
2015-06-10,1300.375
2015-06-11,1285.6500244140625
2015-06-12,1252.9000244140625
2015-06-15,1252.4000244140625
2015-06-16,1256.0
2015-06-17,1256.9000244140625
2015-06-18,1265.0250244140625
2015-06-19,1274.7750244140625
2015-06-22,1295.75
2015-06-23,1287.300048828125
2015-06-24,1285.1500244140625
2015-06-25,1275.0
2015-06-26,1296.4000244140625
2015-06-29,1296.449951171875
2015-06-30,1275.4749755859375
2015-07-01,1296.550048828125
2015-07-02,1288.875
2015-07-03,1301.949951171875
2015-07-06,1316.6500244140625
2015-07-07,1308.125
2015-07-08,1297.550048828125
2015-07-09,1261.25
2015-07-10,1237.175048828125
2015-07-13,1254.7750244140625
2015-07-14,1249.75
2015-07-15,1272.875
2015-07-16,1270.0999755859375
2015-07-17,1282.199951171875
2015-07-20,1289.574951171875
2015-07-21,1280.699951171875
2015-07-22,1264.0250244140625
2015-07-23,1244.300048828125
2015-07-24,1252.574951171875
2015-07-27,1248.5250244140625
2015-07-28,1251.0250244140625
2015-07-29,1253.375
2015-07-30,1240.324951171875
2015-07-31,1255.375
2015-08-03,1254.800048828125
2015-08-04,1254.449951171875
2015-08-05,1273.574951171875
2015-08-06,1286.6500244140625
2015-08-07,1276.0250244140625
2015-08-10,1286.050048828125
2015-08-11,1302.0999755859375
2015-08-12,1335.8499755859375
2015-08-13,1317.800048828125
2015-08-14,1351.5999755859375
2015-08-17,1342.375
2015-08-18,1370.449951171875
2015-08-19,1366.800048828125
2015-08-20,1343.425048828125
2015-08-21,1338.074951171875
2015-08-24,1289.324951171875
2015-08-25,1283.574951171875
2015-08-26,1288.375
2015-08-27,1287.324951171875
2015-08-28,1285.425048828125
2015-08-31,1282.0250244140625
2015-09-01,1268.699951171875
2015-09-02,1295.9000244140625
2015-09-03,1302.800048828125
2015-09-04,1273.7249755859375
2015-09-07,1269.875
2015-09-08,1270.1500244140625
2015-09-09,1274.875
2015-09-10,1272.699951171875
2015-09-11,1276.0
2015-09-14,1275.824951171875
2015-09-15,1268.625
2015-09-16,1275.175048828125
2015-09-18,1275.625
2015-09-21,1275.5250244140625
2015-09-22,1263.4000244140625
2015-09-23,1266.324951171875
2015-09-24,1290.199951171875
2015-09-28,1296.8499755859375
2015-09-29,1294.125
2015-09-30,1294.0250244140625
2015-10-01,1322.300048828125
2015-10-05,1355.824951171875
2015-10-06,1350.0
2015-10-07,1326.9749755859375
2015-10-08,1316.9000244140625
2015-10-09,1314.824951171875
2015-10-12,1296.300048828125
2015-10-13,1299.2750244140625
2015-10-14,1241.8499755859375
2015-10-15,1233.875
2015-10-16,1236.0
2015-10-19,1244.375
2015-10-20,1263.375
2015-10-21,1265.0
2015-10-23,1268.574951171875
2015-10-26,1268.2750244140625
2015-10-27,1265.550048828125
2015-10-28,1264.550048828125
2015-10-29,1247.675048828125
2015-10-30,1247.5999755859375
2015-11-02,1258.675048828125
2015-11-03,1271.7249755859375
2015-11-04,1266.9000244140625
2015-11-05,1241.324951171875
2015-11-06,1252.875
2015-11-09,1235.675048828125
2015-11-10,1229.074951171875
2015-11-13,1198.699951171875
2015-11-16,1187.300048828125
2015-11-17,1195.2750244140625
2015-11-18,1175.7249755859375
2015-11-19,1181.2750244140625
2015-11-20,1199.175048828125
2015-11-23,1195.5250244140625
2015-11-24,1183.9749755859375
2015-11-26,1172.7750244140625
2015-11-27,1176.675048828125
2015-11-30,1186.7750244140625
2015-12-01,1180.949951171875
2015-12-02,1182.5999755859375
2015-12-03,1175.375
2015-12-04,1164.199951171875
2015-12-07,1159.9000244140625
2015-12-08,1164.5
2015-12-09,1183.824951171875
2015-12-10,1192.2750244140625
2015-12-11,1193.0
2015-12-14,1189.2249755859375
2015-12-15,1187.925048828125
2015-12-16,1204.199951171875
2015-12-17,1219.875
2015-12-18,1208.4000244140625
2015-12-21,1223.199951171875
2015-12-22,1202.5250244140625
2015-12-23,1212.9000244140625
2015-12-24,1217.125
2015-12-28,1231.3499755859375
2015-12-29,1227.9000244140625
2015-12-30,1209.1500244140625
2015-12-31,1218.425048828125
2016-01-01,1208.199951171875
2016-01-04,1184.800048828125
2016-01-05,1174.4749755859375
2016-01-06,1190.800048828125
2016-01-07,1185.625
2016-01-08,1198.800048828125
2016-01-11,1181.175048828125
2016-01-12,1163.5250244140625
2016-01-13,1139.5999755859375
2016-01-14,1139.4000244140625
2016-01-15,1130.550048828125
2016-01-18,1138.824951171875
2016-01-19,1139.6500244140625
2016-01-20,1140.050048828125
2016-01-21,1127.25
2016-01-22,1147.875
2016-01-25,1152.324951171875
2016-01-27,1159.875
2016-01-28,1165.5999755859375
2016-01-29,1195.6500244140625
2016-02-01,1201.3499755859375
2016-02-02,1199.050048828125
2016-02-03,1208.1500244140625
2016-02-04,1210.0250244140625
2016-02-05,1210.9749755859375
2016-02-08,1181.4749755859375
2016-02-09,1140.699951171875
2016-02-10,1134.4000244140625
2016-02-11,1098.9749755859375
2016-02-12,1113.300048828125
2016-02-15,1134.574951171875
2016-02-16,1132.7750244140625
2016-02-17,1137.7750244140625
2016-02-18,1157.925048828125
2016-02-19,1159.824951171875
2016-02-22,1157.949951171875
2016-02-23,1132.0
2016-02-24,1105.4749755859375
2016-02-25,1106.425048828125
2016-02-26,1105.25
2016-02-29,1088.4000244140625
2016-03-01,1138.324951171875
2016-03-02,1159.425048828125
2016-03-03,1186.574951171875
2016-03-04,1178.7750244140625
2016-03-08,1177.1500244140625
2016-03-09,1178.625
2016-03-10,1174.1500244140625
2016-03-11,1182.625
2016-03-14,1177.5
2016-03-15,1164.949951171875
2016-03-16,1163.5250244140625
2016-03-17,1176.0250244140625
2016-03-18,1212.925048828125
2016-03-21,1223.125
2016-03-22,1236.550048828125
2016-03-23,1236.9000244140625
2016-03-28,1236.699951171875
2016-03-29,1234.699951171875
2016-03-30,1244.75
2016-03-31,1260.1500244140625
2016-04-01,1226.949951171875
2016-04-04,1235.625
2016-04-05,1231.375
2016-04-06,1240.949951171875
2016-04-07,1235.4000244140625
2016-04-08,1216.0250244140625
2016-04-11,1253.324951171875
2016-04-12,1259.074951171875
2016-04-13,1263.0999755859375
2016-04-18,1259.875
2016-04-20,1225.175048828125
2016-04-21,1212.199951171875
2016-04-22,1208.5250244140625
2016-04-25,1225.625
2016-04-26,1244.9000244140625
2016-04-27,1255.550048828125
2016-04-28,1263.875
2016-04-29,1267.75
2016-05-02,1263.3499755859375
2016-05-03,1239.050048828125
2016-05-04,1239.0
2016-05-05,1235.1500244140625
2016-05-06,1236.699951171875
2016-05-09,1256.2750244140625
2016-05-10,1261.449951171875
2016-05-11,1259.1500244140625
2016-05-12,1283.0999755859375
2016-05-13,1261.699951171875
2016-05-16,1275.574951171875
2016-05-17,1285.0999755859375
2016-05-18,1275.550048828125
2016-05-19,1278.4749755859375
2016-05-20,1264.6500244140625
2016-05-23,1245.7249755859375
2016-05-24,1233.8499755859375
2016-05-25,1263.2249755859375
2016-05-26,1274.3499755859375
2016-05-27,1286.324951171875
2016-05-30,1318.199951171875
2016-05-31,1284.699951171875
2016-06-01,1316.7750244140625
2016-06-02,1325.074951171875
2016-06-03,1314.7750244140625
2016-06-06,1306.25
2016-06-07,1315.574951171875
2016-06-08,1306.550048828125
2016-06-09,1288.625
2016-06-10,1277.875
2016-06-13,1273.5
2016-06-14,1267.425048828125
2016-06-15,1278.425048828125
2016-06-16,1279.1500244140625
2016-06-17,1301.300048828125
2016-06-20,1329.6500244140625
2016-06-21,1325.5999755859375
2016-06-22,1333.824951171875
2016-06-23,1322.675048828125
2016-06-24,1286.9749755859375
2016-06-27,1247.925048828125
2016-06-28,1231.9749755859375
2016-06-29,1251.449951171875
2016-06-30,1276.550048828125
2016-07-01,1250.425048828125
2016-07-04,1247.0999755859375
2016-07-05,1242.6500244140625
2016-07-07,1214.9000244140625
2016-07-08,1213.300048828125
2016-07-11,1232.074951171875
2016-07-12,1232.4749755859375
2016-07-13,1246.550048828125
2016-07-14,1260.949951171875
2016-07-15,1222.675048828125
2016-07-18,1216.7249755859375
2016-07-19,1233.0999755859375
2016-07-20,1247.4749755859375
2016-07-21,1253.0250244140625
2016-07-22,1257.550048828125
2016-07-25,1279.4749755859375
2016-07-26,1276.300048828125
2016-07-27,1288.7750244140625
2016-07-28,1309.625
2016-07-29,1309.6500244140625
2016-08-01,1354.125
2016-08-02,1349.5999755859375
2016-08-03,1328.1500244140625
2016-08-04,1326.0
2016-08-05,1324.550048828125
2016-08-08,1324.75
2016-08-09,1325.0999755859375
2016-08-10,1337.699951171875
2016-08-11,1354.949951171875
2016-08-12,1369.2249755859375
2016-08-16,1345.8499755859375
2016-08-17,1312.2750244140625
2016-08-18,1319.2750244140625
2016-08-19,1301.75
2016-08-22,1274.3499755859375
2016-08-23,1300.5250244140625
2016-08-24,1286.0250244140625
2016-08-25,1275.5250244140625
2016-08-26,1262.4749755859375
2016-08-29,1250.2750244140625
2016-08-30,1272.074951171875
2016-08-31,1255.6500244140625
2016-09-01,1253.75
2016-09-02,1257.4000244140625
2016-09-06,1242.0250244140625
2016-09-07,1220.2750244140625
2016-09-08,1161.050048828125
2016-09-09,1176.2249755859375
2016-09-12,1179.5250244140625
2016-09-14,1164.2249755859375
2016-09-15,1163.4749755859375
2016-09-16,1180.8499755859375
2016-09-19,1205.7249755859375
2016-09-20,1203.25
2016-09-21,1206.699951171875
2016-09-22,1189.0
2016-09-23,1199.050048828125
2016-09-26,1200.550048828125
2016-09-27,1218.050048828125
2016-09-28,1211.5250244140625
2016-09-29,1218.9000244140625
2016-09-30,1215.4000244140625
2016-10-03,1205.8499755859375
2016-10-04,1202.574951171875
2016-10-05,1193.175048828125
2016-10-06,1194.375
2016-10-07,1183.9000244140625
2016-10-10,1190.1500244140625
2016-10-13,1164.449951171875
2016-10-14,1183.0999755859375
2016-10-17,1181.2249755859375
2016-10-18,1200.0999755859375
2016-10-19,1197.550048828125
2016-10-20,1200.574951171875
2016-10-21,1214.324951171875
2016-10-24,1213.8499755859375
2016-10-25,1199.2249755859375
2016-10-26,1198.125
2016-10-27,1209.050048828125
2016-10-28,1199.3499755859375
2016-11-01,1175.0
2016-11-02,1152.0250244140625
2016-11-03,1159.7249755859375
2016-11-04,1165.2750244140625
2016-11-07,1138.5250244140625
2016-11-08,1141.5999755859375
2016-11-09,1084.925048828125
2016-11-10,1077.7249755859375
2016-11-11,1050.574951171875
2016-11-15,1060.6500244140625
2016-11-16,1094.800048828125
2016-11-17,1068.5999755859375
2016-11-18,1062.550048828125
2016-11-21,1066.449951171875
2016-11-22,1067.5
2016-11-23,1078.175048828125
2016-11-24,1094.2249755859375
2016-11-25,1150.175048828125
2016-11-28,1141.300048828125
2016-11-29,1129.925048828125
2016-11-30,1138.0250244140625
2016-12-01,1131.7249755859375
2016-12-02,1110.925048828125
2016-12-05,1093.0
2016-12-06,1091.175048828125
2016-12-07,1077.2750244140625
2016-12-08,1097.875
2016-12-09,1097.625
2016-12-12,1104.0999755859375
2016-12-13,1100.1500244140625
2016-12-14,1103.800048828125
2016-12-15,1129.6500244140625
2016-12-16,1141.324951171875
2016-12-19,1144.449951171875
2016-12-20,1169.6500244140625
2016-12-21,1156.800048828125
2016-12-22,1153.8499755859375
2016-12-23,1144.050048828125
2016-12-26,1146.550048828125
2016-12-27,1161.699951171875
2016-12-28,1156.699951171875
2016-12-29,1175.8499755859375
2016-12-30,1182.7750244140625
2017-01-02,1180.675048828125
2017-01-03,1184.125
2017-01-04,1189.75
2017-01-05,1167.199951171875
2017-01-06,1140.699951171875
2017-01-09,1151.8499755859375
2017-01-10,1157.675048828125
2017-01-11,1162.199951171875
2017-01-12,1172.175048828125
2017-01-13,1124.6500244140625
2017-01-16,1129.2750244140625
2017-01-17,1139.375
2017-01-18,1147.550048828125
2017-01-19,1145.5
2017-01-20,1142.675048828125
2017-01-23,1153.3499755859375
2017-01-24,1159.175048828125
2017-01-25,1176.5
2017-01-27,1178.9000244140625
2017-01-30,1166.449951171875
2017-01-31,1114.9000244140625
2017-02-01,1083.949951171875
2017-02-02,1103.824951171875
2017-02-03,1116.2750244140625
2017-02-06,1120.375
2017-02-07,1122.300048828125
2017-02-08,1135.4749755859375
2017-02-09,1158.6500244140625
2017-02-10,1198.9749755859375
2017-02-13,1207.125
2017-02-14,1203.125
2017-02-15,1206.8499755859375
2017-02-16,1223.875
2017-02-17,1203.949951171875
2017-02-20,1251.0999755859375
2017-02-21,1232.675048828125
2017-02-22,1205.75
2017-02-23,1240.9000244140625
2017-02-27,1244.925048828125
2017-02-28,1233.125
2017-03-01,1239.7750244140625
2017-03-02,1250.7249755859375
2017-03-03,1247.0250244140625
2017-03-06,1236.25
2017-03-07,1249.9000244140625
2017-03-08,1256.0999755859375
2017-03-09,1259.875
2017-03-10,1271.125
2017-03-14,1283.75
2017-03-15,1249.1500244140625
2017-03-16,1260.449951171875
2017-03-17,1262.875
2017-03-20,1240.0
2017-03-21,1243.3499755859375
2017-03-22,1239.4749755859375
2017-03-23,1230.175048828125
2017-03-24,1213.5999755859375
2017-03-27,1206.0250244140625
2017-03-28,1214.9749755859375
2017-03-29,1222.300048828125
2017-03-30,1220.5
2017-03-31,1215.9000244140625
2017-04-03,1205.8499755859375
2017-04-05,1200.625
2017-04-06,1200.0250244140625
2017-04-07,1214.5250244140625
2017-04-10,1211.125
2017-04-11,1209.6500244140625
2017-04-12,1196.625
2017-04-13,1164.324951171875
2017-04-17,1157.425048828125
2017-04-18,1154.4000244140625
2017-04-19,1149.574951171875
2017-04-20,1162.75
2017-04-21,1155.4000244140625
2017-04-24,1164.050048828125
2017-04-25,1155.75
2017-04-26,1155.175048828125
2017-04-27,1151.324951171875
2017-04-28,1136.574951171875
2017-05-02,1144.949951171875
2017-05-03,1168.6500244140625
2017-05-04,1165.050048828125
2017-05-05,1160.25
2017-05-08,1171.2249755859375
2017-05-09,1176.2750244140625
2017-05-10,1166.2249755859375
2017-05-11,1174.7249755859375
2017-05-12,1180.324951171875
2017-05-15,1182.550048828125
2017-05-16,1214.574951171875
2017-05-17,1227.675048828125
2017-05-18,1268.0999755859375
2017-05-19,1253.574951171875
2017-05-22,1265.675048828125
2017-05-23,1260.8499755859375
2017-05-24,1279.574951171875
2017-05-25,1312.300048828125
2017-05-26,1289.125
2017-05-29,1286.425048828125
2017-05-30,1275.550048828125
2017-05-31,1273.300048828125
2017-06-01,1276.800048828125
2017-06-02,1282.449951171875
2017-06-05,1301.9749755859375
2017-06-06,1348.0
2017-06-07,1307.625
2017-06-08,1260.800048828125
2017-06-09,1253.5
2017-06-12,1243.5999755859375
2017-06-13,1225.7750244140625
2017-06-14,1235.0999755859375
2017-06-15,1205.5999755859375
2017-06-16,1199.8499755859375
2017-06-19,1215.8499755859375
2017-06-20,1222.5
2017-06-21,1203.1500244140625
2017-06-22,1197.425048828125
2017-06-23,1180.8499755859375
2017-06-27,1171.425048828125
2017-06-28,1175.0250244140625
2017-06-29,1166.625
2017-06-30,1181.175048828125
2017-07-03,1186.800048828125
2017-07-04,1183.425048828125
2017-07-05,1178.0
2017-07-06,1173.7750244140625
2017-07-07,1165.9749755859375
2017-07-10,1217.4749755859375
2017-07-11,1237.9000244140625
2017-07-12,1219.7249755859375
2017-07-13,1223.199951171875
2017-07-14,1198.7249755859375
2017-07-17,1197.7249755859375
2017-07-18,1204.175048828125
2017-07-19,1224.800048828125
2017-07-20,1222.3499755859375
2017-07-21,1245.5999755859375
2017-07-24,1265.3499755859375
2017-07-25,1285.75
2017-07-26,1278.0
2017-07-27,1240.8499755859375
2017-07-28,1242.1500244140625
2017-07-31,1245.9000244140625
2017-08-01,1250.824951171875
2017-08-02,1236.9000244140625
2017-08-03,1244.7249755859375
2017-08-04,1261.4000244140625
2017-08-07,1251.7249755859375
2017-08-08,1251.5250244140625
2017-08-09,1256.0
2017-08-10,1255.7249755859375
2017-08-11,1248.0250244140625
2017-08-14,1234.699951171875
2017-08-16,1246.175048828125
2017-08-17,1242.824951171875
2017-08-18,1256.9000244140625
2017-08-21,1264.4000244140625
2017-08-22,1248.7750244140625
2017-08-23,1244.7249755859375
2017-08-24,1248.300048828125
2017-08-28,1243.6500244140625
2017-08-29,1235.425048828125
2017-08-30,1242.2750244140625
2017-08-31,1248.175048828125
2017-09-01,1228.2249755859375
2017-09-04,1228.0999755859375
2017-09-05,1242.175048828125
2017-09-06,1226.5999755859375
2017-09-07,1230.050048828125
2017-09-08,1235.300048828125
2017-09-11,1227.2249755859375
2017-09-12,1244.2249755859375
2017-09-13,1244.5999755859375
2017-09-14,1243.4749755859375
2017-09-15,1253.0250244140625
2017-09-18,1249.5250244140625
2017-09-19,1249.125
2017-09-20,1246.7750244140625
2017-09-21,1262.449951171875
2017-09-22,1251.800048828125
2017-09-25,1255.375
2017-09-26,1237.324951171875
2017-09-27,1247.5
2017-09-28,1238.2249755859375
2017-09-29,1217.9749755859375
2017-10-03,1224.2249755859375
2017-10-04,1221.1500244140625
2017-10-05,1214.800048828125
2017-10-06,1223.324951171875
2017-10-09,1227.050048828125
2017-10-10,1229.625
2017-10-11,1250.175048828125
2017-10-12,1274.0999755859375
2017-10-13,1279.300048828125
2017-10-16,1292.199951171875
2017-10-17,1297.2750244140625
2017-10-18,1293.300048828125
2017-10-19,1291.949951171875
2017-10-23,1293.949951171875
2017-10-24,1289.199951171875
2017-10-25,1279.949951171875
2017-10-26,1269.425048828125
2017-10-27,1292.1500244140625
2017-10-30,1308.0999755859375
2017-10-31,1312.0
2017-11-01,1301.425048828125
2017-11-02,1313.074951171875
2017-11-03,1310.050048828125
2017-11-06,1332.7750244140625
2017-11-07,1355.0250244140625
2017-11-08,1367.5
2017-11-09,1368.199951171875
2017-11-10,1354.375
2017-11-13,1379.4749755859375
2017-11-14,1357.300048828125
2017-11-15,1352.6500244140625
2017-11-16,1373.324951171875
2017-11-17,1353.6500244140625
2017-11-20,1351.7249755859375
2017-11-21,1336.4749755859375
2017-11-22,1340.324951171875
2017-11-23,1340.625
2017-11-24,1344.0250244140625
2017-11-27,1342.925048828125
2017-11-28,1342.6500244140625
2017-11-29,1329.074951171875
2017-11-30,1318.5
2017-12-01,1314.9749755859375
2017-12-04,1316.175048828125
2017-12-05,1317.7750244140625
2017-12-06,1316.6500244140625
2017-12-07,1308.625
2017-12-08,1300.75
2017-12-11,1330.550048828125
2017-12-12,1306.074951171875
2017-12-13,1314.199951171875
2017-12-14,1278.9000244140625
2017-12-15,1272.800048828125
2017-12-18,1290.25
2017-12-19,1287.6500244140625
2017-12-20,1294.4749755859375
2017-12-21,1297.8499755859375
2017-12-22,1323.375
2017-12-26,1324.7249755859375
2017-12-27,1309.949951171875
2017-12-28,1313.4749755859375
2017-12-29,1350.5999755859375
2018-01-01,1322.800048828125
2018-01-02,1315.5999755859375
2018-01-03,1319.324951171875
2018-01-04,1328.550048828125
2018-01-05,1344.5999755859375
2018-01-08,1357.199951171875
2018-01-09,1354.5
2018-01-10,1403.300048828125
2018-01-11,1395.25
2018-01-12,1388.175048828125
2018-01-15,1373.050048828125
2018-01-16,1425.425048828125
2018-01-17,1444.4749755859375
2018-01-18,1459.0999755859375
2018-01-19,1479.6500244140625
2018-01-22,1558.199951171875
2018-01-23,1551.0
2018-01-24,1587.300048828125
2018-01-25,1560.5250244140625
2018-01-29,1599.425048828125
2018-01-30,1576.425048828125
2018-01-31,1556.175048828125
2018-02-01,1569.300048828125
2018-02-02,1576.824951171875
2018-02-05,1551.5999755859375
2018-02-06,1498.625
2018-02-07,1477.5250244140625
2018-02-08,1487.0999755859375
2018-02-09,1485.8499755859375
2018-02-12,1483.6500244140625
2018-02-14,1455.9000244140625
2018-02-15,1462.925048828125
2018-02-16,1466.5250244140625
2018-02-19,1461.800048828125
2018-02-20,1472.375
2018-02-21,1521.1500244140625
2018-02-22,1525.0999755859375
2018-02-23,1537.9000244140625
2018-02-26,1515.8499755859375
2018-02-27,1521.175048828125
2018-02-28,1517.5250244140625
2018-03-01,1518.8499755859375
2018-03-05,1552.925048828125
2018-03-06,1521.4000244140625
2018-03-07,1513.7249755859375
2018-03-08,1501.9749755859375
2018-03-09,1517.050048828125
2018-03-12,1526.074951171875
2018-03-13,1443.4000244140625
2018-03-14,1443.449951171875
2018-03-15,1434.8499755859375
2018-03-16,1412.8499755859375
2018-03-19,1415.5
2018-03-20,1432.425048828125
2018-03-21,1428.375
2018-03-22,1415.675048828125
2018-03-23,1409.074951171875
2018-03-26,1408.5
2018-03-27,1423.8499755859375
2018-03-28,1424.574951171875
2018-04-02,1454.824951171875
2018-04-03,1455.625
2018-04-04,1455.449951171875
2018-04-05,1478.9749755859375
2018-04-06,1475.1500244140625
2018-04-09,1461.949951171875
2018-04-10,1468.800048828125
2018-04-11,1507.074951171875
2018-04-12,1569.625
2018-04-13,1576.6500244140625
2018-04-16,1593.824951171875
2018-04-17,1583.300048828125
2018-04-18,1579.550048828125
2018-04-19,1595.574951171875
2018-04-20,1701.2249755859375
2018-04-23,1704.324951171875
2018-04-24,1692.824951171875
2018-04-25,1735.125
2018-04-26,1769.625
2018-04-27,1725.9749755859375
2018-04-30,1766.050048828125
2018-05-02,1749.875
2018-05-03,1740.925048828125
2018-05-04,1740.375
2018-05-07,1710.4749755859375
2018-05-08,1720.5999755859375
2018-05-09,1744.6500244140625
2018-05-10,1725.625
2018-05-11,1728.4749755859375
2018-05-14,1716.7750244140625
2018-05-15,1741.199951171875
2018-05-16,1746.949951171875
2018-05-17,1745.9000244140625
2018-05-18,1751.0250244140625
2018-05-21,1778.375
2018-05-22,1754.449951171875
2018-05-23,1747.550048828125
2018-05-24,1801.8499755859375
2018-05-25,1792.9000244140625
2018-05-28,1751.0250244140625
2018-05-29,1761.75
2018-05-30,1757.050048828125
2018-05-31,1741.050048828125
2018-06-01,1732.449951171875
2018-06-04,1744.25
2018-06-05,1721.5999755859375
2018-06-06,1725.75
2018-06-07,1735.550048828125
2018-06-08,1747.0999755859375
2018-06-11,1749.699951171875
2018-06-12,1781.0
2018-06-13,1824.0999755859375
2018-06-14,1787.550048828125
2018-06-15,1840.050048828125
2018-06-18,1829.0
2018-06-19,1824.5
2018-06-20,1822.449951171875
2018-06-21,1819.3499755859375
2018-06-22,1809.800048828125
2018-06-25,1819.25
2018-06-26,1852.0
2018-06-27,1858.0
2018-06-28,1842.699951171875
2018-06-29,1847.75
2018-07-02,1851.3499755859375
2018-07-03,1874.050048828125
2018-07-04,1866.1500244140625
2018-07-05,1880.300048828125
2018-07-06,1912.949951171875
2018-07-09,1883.0
2018-07-10,1875.0999755859375
2018-07-11,1979.9000244140625
2018-07-12,1971.3499755859375
2018-07-13,1981.0999755859375
2018-07-16,1989.199951171875
2018-07-17,2002.1500244140625
2018-07-18,2000.25
2018-07-19,1981.4000244140625
2018-07-20,1996.5999755859375
2018-07-23,2005.6500244140625
2018-07-24,1999.0
2018-07-25,1981.5
2018-07-26,1964.699951171875
2018-07-27,1943.75
2018-07-30,1944.5999755859375
2018-07-31,1940.199951171875
2018-08-01,1976.5
2018-08-02,1948.4000244140625
2018-08-03,1979.449951171875
2018-08-06,1975.550048828125
2018-08-07,1967.3499755859375
2018-08-08,1974.0
2018-08-09,1974.3499755859375
2018-08-10,1993.0999755859375
2018-08-13,2000.1500244140625
2018-08-14,2003.550048828125
2018-08-16,2008.5
2018-08-17,2012.75
2018-08-20,2009.949951171875
2018-08-21,2017.6500244140625
2018-08-23,2035.0999755859375
2018-08-24,2043.0
2018-08-27,2050.89990234375
2018-08-28,2069.199951171875
2018-08-29,2072.0
2018-08-30,2082.39990234375
2018-08-31,2078.39990234375
2018-09-03,2052.89990234375
2018-09-04,2098.89990234375
2018-09-05,2079.25
2018-09-06,2075.300048828125
2018-09-07,2079.85009765625
2018-09-10,2080.75
2018-09-11,2046.25
2018-09-12,2043.949951171875
2018-09-14,2065.39990234375
2018-09-17,2074.14990234375
2018-09-18,2070.75
2018-09-19,2077.89990234375
2018-09-21,2103.14990234375
2018-09-24,2198.449951171875
2018-09-25,2183.199951171875
2018-09-26,2142.14990234375
2018-09-27,2188.85009765625
2018-09-28,2183.699951171875
2018-10-01,2255.550048828125
2018-10-03,2162.85009765625
2018-10-04,2064.800048828125
2018-10-05,2102.64990234375
2018-10-08,2077.550048828125
2018-10-09,2091.800048828125
2018-10-10,2043.5999755859375
2018-10-11,1979.949951171875
2018-10-12,1918.300048828125
2018-10-15,1949.5
2018-10-16,1962.300048828125
2018-10-17,1929.4000244140625
2018-10-19,1913.199951171875
2018-10-22,1903.0
2018-10-23,1843.6500244140625
2018-10-24,1848.5
2018-10-25,1853.0
2018-10-26,1799.0999755859375
2018-10-29,1871.0
2018-10-30,1894.800048828125
2018-10-31,1938.1500244140625
2018-11-01,1935.75
2018-11-02,1913.449951171875
2018-11-05,1890.8499755859375
2018-11-06,1932.699951171875
2018-11-07,1942.1500244140625
2018-11-09,1909.199951171875
2018-11-12,1914.8499755859375
2018-11-13,1934.949951171875
2018-11-14,1880.6500244140625
2018-11-15,1872.8499755859375
2018-11-16,1886.5999755859375
2018-11-19,1902.449951171875
2018-11-20,1878.25
2018-11-21,1812.0
2018-11-22,1812.550048828125
2018-11-26,1846.0999755859375
2018-11-27,1890.25
2018-11-28,1983.9000244140625
2018-11-29,1960.550048828125
2018-11-30,1968.25
2018-12-03,1982.4000244140625
2018-12-04,2010.8499755859375
2018-12-05,2006.75
2018-12-06,1992.699951171875
2018-12-07,1995.199951171875
2018-12-10,1975.800048828125
2018-12-11,2000.0
2018-12-12,2016.800048828125
2018-12-13,1982.5999755859375
2018-12-14,1989.75
2018-12-17,1994.300048828125
2018-12-18,1987.8499755859375
2018-12-19,1968.449951171875
2018-12-20,1954.050048828125
2018-12-21,1895.800048828125
2018-12-24,1918.5
2018-12-26,1889.199951171875
2018-12-27,1908.949951171875
2018-12-28,1896.050048828125
2018-12-31,1893.050048828125
2019-01-01,1902.800048828125
2019-01-02,1923.300048828125
2019-01-03,1899.949951171875
2019-01-04,1876.8499755859375
2019-01-07,1897.9000244140625
2019-01-08,1893.550048828125
2019-01-09,1886.949951171875
2019-01-10,1888.550048828125
2019-01-11,1842.550048828125
2019-01-14,1813.25
2019-01-15,1867.800048828125
2019-01-16,1870.1500244140625
2019-01-17,1894.300048828125
2019-01-18,1900.6500244140625
2019-01-21,1908.699951171875
2019-01-22,1901.9000244140625
2019-01-23,1875.5999755859375
2019-01-24,1901.550048828125
2019-01-25,1920.800048828125
2019-01-28,1955.0
2019-01-29,1982.75
2019-01-30,1981.4000244140625
2019-01-31,2014.0999755859375
2019-02-01,2029.949951171875
2019-02-04,2050.25
2019-02-05,2044.550048828125
2019-02-06,2074.800048828125
2019-02-07,2082.89990234375
2019-02-08,2061.39990234375
2019-02-11,2065.89990234375
2019-02-12,2051.60009765625
2019-02-14,2044.5999755859375
2019-02-15,2029.699951171875
2019-02-18,1970.300048828125
2019-02-19,1904.800048828125
2019-02-20,1914.75
2019-02-21,1914.199951171875
2019-02-22,1925.6500244140625
2019-02-25,1985.1500244140625
2019-02-26,2038.699951171875
2019-02-27,2058.10009765625
2019-02-28,1983.449951171875
2019-03-01,1995.4000244140625
2019-03-05,1988.0999755859375
2019-03-06,1999.5999755859375
2019-03-07,2013.300048828125
2019-03-08,2022.699951171875
2019-03-11,2014.800048828125
2019-03-12,2012.449951171875
2019-03-13,2000.5
2019-03-14,1987.4000244140625
2019-03-15,2039.949951171875
2019-03-18,2022.800048828125
2019-03-19,2022.800048828125
2019-03-20,2015.050048828125
2019-03-22,2005.6500244140625
2019-03-25,1984.25
2019-03-26,1982.6500244140625
2019-03-27,1967.9000244140625
2019-03-28,2000.300048828125
2019-04-01,2031.6500244140625
2019-04-02,2079.300048828125
2019-04-03,2079.300048828125
2019-04-04,2014.5
2019-04-05,2048.300048828125
2019-04-08,2070.75
2019-04-09,2091.5
2019-04-10,2040.25
2019-04-11,2019.5
2019-04-12,2014.5
2019-04-15,2113.300048828125
2019-04-16,2131.800048828125
2019-04-18,2150.050048828125
2019-04-22,2161.449951171875
2019-04-23,2155.050048828125
2019-04-24,2183.449951171875
2019-04-25,2195.0
2019-04-26,2238.550048828125
2019-04-30,2260.35009765625
2019-05-02,2215.39990234375
2019-05-03,2132.0
2019-05-06,2157.85009765625
2019-05-07,2151.949951171875
2019-05-08,2152.85009765625
2019-05-09,2172.550048828125
2019-05-10,2135.800048828125
2019-05-13,2128.75
2019-05-14,2092.35009765625
2019-05-15,2095.39990234375
2019-05-16,2108.75
2019-05-17,2095.449951171875
2019-05-20,2143.949951171875
2019-05-21,2109.75
2019-05-22,2081.75
2019-05-23,2054.050048828125
2019-05-24,2048.0
2019-05-27,2055.14990234375
2019-05-28,2073.75
2019-05-29,2107.550048828125
2019-05-30,2146.300048828125
2019-05-31,2196.550048828125
2019-06-03,2242.300048828125
2019-06-04,2183.10009765625
2019-06-06,2166.10009765625
2019-06-07,2181.75
2019-06-10,2231.5
2019-06-11,2252.800048828125
2019-06-12,2260.89990234375
2019-06-13,2254.10009765625
2019-06-14,2254.5
2019-06-17,2249.199951171875
2019-06-18,2250.85009765625
2019-06-19,2259.89990234375
2019-06-20,2277.949951171875
2019-06-21,2249.85009765625
2019-06-24,2275.5
2019-06-25,2267.800048828125
2019-06-26,2254.199951171875
2019-06-27,2252.550048828125
2019-06-28,2227.199951171875
2019-07-01,2239.550048828125
2019-07-02,2252.10009765625
2019-07-03,2237.64990234375
2019-07-04,2242.64990234375
2019-07-05,2163.10009765625
2019-07-08,2175.39990234375
2019-07-09,2133.35009765625
2019-07-10,2108.199951171875
2019-07-11,2102.550048828125
2019-07-12,2107.60009765625
2019-07-15,2145.699951171875
2019-07-16,2106.0
2019-07-17,2117.25
2019-07-18,2065.949951171875
2019-07-19,2076.949951171875
2019-07-22,2109.89990234375
2019-07-23,2112.449951171875
2019-07-24,2096.800048828125
2019-07-25,2127.89990234375
2019-07-26,2109.050048828125
2019-07-29,2130.0
2019-07-30,2179.14990234375
2019-07-31,2205.699951171875
2019-08-01,2180.050048828125
2019-08-02,2205.300048828125
2019-08-05,2248.60009765625
2019-08-06,2214.89990234375
2019-08-07,2213.449951171875
2019-08-08,2258.10009765625
2019-08-09,2246.25
2019-08-13,2199.449951171875
2019-08-14,2204.39990234375
2019-08-16,2165.10009765625
2019-08-19,2163.0
2019-08-20,2186.75
2019-08-21,2186.199951171875
2019-08-22,2216.0
2019-08-23,2247.699951171875
2019-08-26,2276.300048828125
2019-08-27,2236.5
2019-08-28,2239.25
2019-08-29,2233.449951171875
2019-08-30,2259.60009765625
2019-09-03,2251.60009765625
2019-09-04,2245.39990234375
2019-09-05,2215.300048828125
2019-09-06,2197.5
2019-09-09,2182.85009765625
2019-09-11,2154.0
2019-09-12,2133.60009765625
2019-09-13,2141.949951171875
2019-09-16,2150.0
2019-09-17,2122.64990234375
2019-09-18,2138.550048828125
2019-09-19,2101.949951171875
2019-09-20,2065.449951171875
2019-09-23,2015.800048828125
2019-09-24,2044.699951171875
2019-09-25,2088.449951171875
2019-09-26,2087.60009765625
2019-09-27,2056.14990234375
2019-09-30,2099.300048828125
2019-10-01,2059.949951171875
2019-10-03,2060.25
2019-10-04,2079.35009765625
2019-10-07,2047.699951171875
2019-10-09,2020.0999755859375
2019-10-10,2004.449951171875
2019-10-11,1986.8499755859375
2019-10-14,2021.0
2019-10-15,2037.300048828125
2019-10-16,2046.4000244140625
2019-10-17,2030.949951171875
2019-10-18,2057.35009765625
2019-10-22,2051.39990234375
2019-10-23,2070.10009765625
2019-10-24,2082.0
2019-10-25,2124.949951171875
2019-10-27,2115.699951171875
2019-10-29,2194.85009765625
2019-10-30,2252.800048828125
2019-10-31,2269.64990234375
2019-11-01,2200.89990234375
2019-11-04,2193.949951171875
2019-11-05,2201.85009765625
2019-11-06,2188.5
2019-11-07,2185.35009765625
2019-11-08,2129.949951171875
2019-11-11,2100.949951171875
2019-11-13,2178.60009765625
2019-11-14,2196.800048828125
2019-11-15,2174.449951171875
2019-11-18,2152.60009765625
2019-11-19,2108.800048828125
2019-11-20,2108.550048828125
2019-11-21,2118.10009765625
2019-11-22,2071.699951171875
2019-11-25,2081.5
2019-11-26,2046.6500244140625
2019-11-27,2054.300048828125
2019-11-28,2077.35009765625
2019-11-29,2053.25
2019-12-02,2021.050048828125
2019-12-03,2051.0
2019-12-04,2078.5
2019-12-05,2121.300048828125
2019-12-06,2123.60009765625
2019-12-09,2060.449951171875
2019-12-10,2012.8499755859375
2019-12-11,2041.9000244140625
2019-12-12,2020.9000244140625
2019-12-13,2071.25
2019-12-16,2126.75
2019-12-17,2164.949951171875
2019-12-18,2167.75
2019-12-19,2229.050048828125
2019-12-20,2222.89990234375
2019-12-23,2231.699951171875
2019-12-24,2215.60009765625
2019-12-26,2201.949951171875
2019-12-27,2198.5
2019-12-30,2183.199951171875
2019-12-31,2161.699951171875
2020-01-01,2167.60009765625
2020-01-02,2157.64990234375
2020-01-03,2200.64990234375
2020-01-06,2200.449951171875
2020-01-07,2205.85009765625
2020-01-08,2255.25
2020-01-09,2214.35009765625
2020-01-10,2213.550048828125
2020-01-13,2190.35009765625
2020-01-14,2206.89990234375
2020-01-15,2226.89990234375
2020-01-16,2238.800048828125
2020-01-17,2219.10009765625
2020-01-20,2170.35009765625
2020-01-21,2171.050048828125
2020-01-22,2206.89990234375
2020-01-23,2190.949951171875
2020-01-24,2183.39990234375
2020-01-27,2169.25
2020-01-28,2183.75
2020-01-29,2154.60009765625
2020-01-30,2137.85009765625
2020-01-31,2079.050048828125
2020-02-03,2102.5
2020-02-04,2107.75
2020-02-05,2146.550048828125
2020-02-06,2128.35009765625
2020-02-07,2136.550048828125
2020-02-10,2161.949951171875
2020-02-11,2153.39990234375
2020-02-12,2170.75
2020-02-13,2191.949951171875
2020-02-14,2184.199951171875
2020-02-17,2203.25
2020-02-18,2215.75
2020-02-19,2196.35009765625
2020-02-20,2156.800048828125
2020-02-24,2115.35009765625
2020-02-25,2156.14990234375
2020-02-26,2123.60009765625
2020-02-27,2105.5
2020-02-28,2000.1500244140625
2020-03-02,2001.300048828125
2020-03-03,2036.199951171875
2020-03-04,2083.199951171875
2020-03-05,2125.050048828125
2020-03-06,2116.449951171875
2020-03-09,1972.3499755859375
2020-03-11,1953.699951171875
2020-03-12,1769.8499755859375
2020-03-13,1806.300048828125
2020-03-16,1696.4000244140625
2020-03-17,1658.0
2020-03-18,1654.4000244140625
2020-03-19,1636.3499755859375
2020-03-20,1797.449951171875
2020-03-23,1669.699951171875
2020-03-24,1703.1500244140625
2020-03-25,1750.300048828125
2020-03-26,1790.949951171875
2020-03-27,1824.5
2020-03-30,1778.5
2020-03-31,1826.0999755859375
2020-04-01,1708.75
2020-04-03,1654.199951171875
2020-04-07,1775.199951171875
2020-04-08,1705.449951171875
2020-04-09,1766.1500244140625
2020-04-13,1759.25
2020-04-15,1735.1500244140625
2020-04-16,1716.050048828125
2020-04-17,1806.199951171875
2020-04-20,1818.6500244140625
2020-04-21,1737.6500244140625
2020-04-22,1769.5
2020-04-23,1878.25
2020-04-24,1818.550048828125
2020-04-27,1836.5999755859375
2020-04-28,1859.050048828125
2020-04-29,1905.6500244140625
2020-04-30,2014.449951171875
2020-05-04,1930.449951171875
2020-05-05,1932.75
2020-05-06,1903.5999755859375
2020-05-07,1891.6500244140625
2020-05-08,1893.4000244140625
2020-05-11,1935.300048828125
2020-05-12,1949.5
2020-05-13,1949.6500244140625
2020-05-14,1902.3499755859375
2020-05-15,1892.9000244140625
2020-05-18,1945.5999755859375
2020-05-19,1948.6500244140625
2020-05-20,1953.5999755859375
2020-05-21,1991.199951171875
2020-05-22,2020.3499755859375
2020-05-26,1943.0
2020-05-27,2005.300048828125
2020-05-28,2004.300048828125
2020-05-29,1972.3499755859375
2020-06-01,2045.25
2020-06-02,2047.1500244140625
2020-06-03,2046.1500244140625
2020-06-04,2091.550048828125
2020-06-05,2048.25
2020-06-08,2071.75
2020-06-09,2072.050048828125
2020-06-10,2108.75
2020-06-11,2067.64990234375
2020-06-12,2039.5
2020-06-15,2029.9000244140625
2020-06-16,2045.800048828125
2020-06-17,2047.800048828125
2020-06-18,2038.0999755859375
2020-06-19,2044.5999755859375
2020-06-22,2027.949951171875
2020-06-23,2035.300048828125
2020-06-24,2042.199951171875
2020-06-25,2016.0999755859375
2020-06-26,2118.85009765625
2020-06-29,2101.64990234375
2020-06-30,2082.14990234375
2020-07-01,2092.050048828125
2020-07-02,2157.14990234375
2020-07-03,2199.64990234375
2020-07-06,2263.199951171875
2020-07-07,2269.89990234375
2020-07-08,2218.89990234375
2020-07-09,2204.35009765625
2020-07-10,2222.35009765625
2020-07-13,2220.0
2020-07-14,2171.949951171875
2020-07-15,2233.89990234375
2020-07-16,2234.75
2020-07-17,2200.75
2020-07-20,2207.89990234375
2020-07-21,2225.050048828125
2020-07-22,2190.949951171875
2020-07-23,2171.199951171875
2020-07-24,2157.39990234375
2020-07-27,2206.800048828125
2020-07-28,2309.75
2020-07-29,2276.050048828125
2020-07-30,2279.5
2020-07-31,2281.39990234375
2020-08-03,2254.14990234375
2020-08-04,2249.699951171875
2020-08-05,2259.5
2020-08-06,2308.10009765625
2020-08-07,2295.35009765625
2020-08-10,2282.800048828125
2020-08-11,2279.89990234375
2020-08-12,2257.35009765625
2020-08-13,2254.449951171875
2020-08-14,2242.14990234375
2020-08-17,2253.39990234375
2020-08-18,2269.75
2020-08-19,2256.60009765625
2020-08-20,2252.85009765625
2020-08-21,2248.60009765625
2020-08-24,2248.10009765625
2020-08-25,2242.64990234375
2020-08-26,2253.5
2020-08-27,2248.39990234375
2020-08-28,2238.550048828125
2020-08-31,2257.25
2020-09-01,2246.35009765625
2020-09-02,2265.14990234375
2020-09-03,2299.5
2020-09-04,2288.800048828125
2020-09-07,2327.050048828125
2020-09-08,2348.199951171875
2020-09-09,2327.64990234375
2020-09-10,2331.14990234375
2020-09-11,2374.10009765625
2020-09-14,2491.39990234375
2020-09-15,2491.39990234375
2020-09-16,2503.0
2020-09-17,2460.949951171875
2020-09-18,2449.89990234375
2020-09-21,2465.300048828125
2020-09-22,2522.949951171875
2020-09-23,2467.449951171875
2020-09-24,2332.25
2020-09-25,2422.300048828125
2020-09-28,2426.300048828125
2020-09-29,2488.39990234375
2020-09-30,2492.300048828125
2020-10-01,2523.449951171875
2020-10-05,2705.800048828125
2020-10-06,2714.300048828125
2020-10-07,2735.949951171875
2020-10-08,2825.699951171875
2020-10-09,2812.949951171875
2020-10-12,2830.0
2020-10-13,2826.550048828125
2020-10-14,2809.60009765625
2020-10-15,2740.60009765625
2020-10-16,2763.300048828125
2020-10-19,2711.550048828125
2020-10-20,2739.0
2020-10-21,2675.39990234375
2020-10-22,2671.14990234375
2020-10-23,2686.800048828125
2020-10-26,2688.199951171875
2020-10-27,2630.14990234375
2020-10-28,2622.199951171875
2020-10-29,2632.64990234375
2020-10-30,2664.85009765625
2020-11-02,2604.60009765625
2020-11-03,2633.60009765625
2020-11-04,2653.14990234375
2020-11-05,2685.699951171875
2020-11-06,2707.449951171875
2020-11-09,2726.60009765625
2020-11-10,2649.60009765625
2020-11-11,2687.800048828125
2020-11-12,2671.050048828125
2020-11-13,2656.85009765625
2020-11-14,2670.35009765625
2020-11-17,2666.050048828125
2020-11-18,2626.64990234375
2020-11-19,2636.89990234375
2020-11-20,2660.25
2020-11-23,2724.25
2020-11-24,2722.050048828125
2020-11-25,2701.300048828125
2020-11-26,2720.60009765625
2020-11-27,2679.64990234375
2020-12-01,2726.800048828125
2020-12-02,2749.550048828125
2020-12-03,2709.449951171875
2020-12-04,2727.550048828125
2020-12-07,2737.699951171875
2020-12-08,2797.300048828125
2020-12-09,2810.800048828125
2020-12-10,2784.300048828125
2020-12-11,2783.60009765625
2020-12-14,2797.699951171875
2020-12-15,2761.550048828125
2020-12-16,2814.199951171875
2020-12-17,2838.199951171875
2020-12-18,2861.0
2020-12-21,2820.14990234375
2020-12-22,2872.5
2020-12-23,2908.75
2020-12-24,2909.35009765625
2020-12-28,2929.39990234375
2020-12-29,2930.5
2020-12-30,2909.300048828125
2020-12-31,2862.75
2021-01-01,2928.25
2021-01-04,3039.449951171875
2021-01-05,3093.0
2021-01-06,3051.5
2021-01-07,3032.800048828125
2021-01-08,3120.89990234375
2021-01-11,3176.449951171875
2021-01-12,3174.85009765625
2021-01-13,3158.949951171875
2021-01-14,3250.699951171875
2021-01-15,3233.35009765625
2021-01-18,3221.75
2021-01-19,3260.699951171875
2021-01-20,3308.800048828125
2021-01-21,3273.85009765625
2021-01-22,3303.10009765625
2021-01-25,3291.300048828125
2021-01-27,3261.050048828125
2021-01-28,3196.550048828125
2021-01-29,3111.35009765625
2021-02-01,3139.35009765625
2021-02-02,3203.449951171875
2021-02-03,3200.050048828125
2021-02-04,3188.449951171875
2021-02-05,3157.949951171875
2021-02-08,3214.10009765625
2021-02-09,3176.89990234375
2021-02-10,3213.300048828125
2021-02-11,3206.0
2021-02-12,3190.800048828125
2021-02-15,3139.85009765625
2021-02-16,3108.800048828125
2021-02-17,3073.10009765625
2021-02-18,3057.35009765625
2021-02-19,3071.85009765625
2021-02-22,2958.449951171875
2021-02-23,2980.199951171875
2021-02-24,2948.10009765625
2021-02-25,2995.300048828125
2021-02-26,2894.300048828125
2021-03-01,2924.199951171875
2021-03-02,3006.35009765625
2021-03-03,3059.10009765625
2021-03-04,3049.699951171875
2021-03-05,3008.050048828125
2021-03-08,3006.949951171875
2021-03-09,3050.949951171875
2021-03-10,3070.949951171875
2021-03-12,3057.949951171875
2021-03-15,3066.14990234375
2021-03-16,3110.050048828125
2021-03-17,3112.949951171875
2021-03-18,3036.5
2021-03-19,3050.199951171875
2021-03-22,3129.64990234375
2021-03-23,3142.60009765625
2021-03-24,3121.10009765625
2021-03-25,3064.85009765625
2021-03-26,3066.800048828125
2021-03-30,3158.550048828125
2021-03-31,3177.85009765625
2021-04-01,3165.0
2021-04-05,3238.89990234375
2021-04-06,3264.699951171875
2021-04-07,3271.39990234375
2021-04-08,3317.35009765625
2021-04-09,3322.25
2021-04-12,3246.550048828125
2021-04-13,3104.050048828125
2021-04-15,3218.949951171875
2021-04-16,3195.14990234375
2021-04-19,3161.800048828125
2021-04-20,3144.550048828125
2021-04-22,3118.800048828125
2021-04-23,3109.5
2021-04-26,3100.800048828125
2021-04-27,3132.0
2021-04-28,3124.10009765625
2021-04-29,3115.25
2021-04-30,3035.64990234375
2021-05-03,3037.0
2021-05-04,3049.75
2021-05-05,3095.699951171875
2021-05-06,3111.449951171875
2021-05-07,3132.89990234375
2021-05-10,3145.5
2021-05-11,3122.60009765625
2021-05-12,3087.60009765625
2021-05-14,3051.5
2021-05-17,3069.75
2021-05-18,3088.800048828125
2021-05-19,3082.0
2021-05-20,3060.0
2021-05-21,3080.5
2021-05-24,3081.5
2021-05-25,3114.0
2021-05-26,3158.5
2021-05-27,3180.0
2021-05-28,3143.60009765625
2021-05-31,3159.14990234375
2021-06-01,3153.0
2021-06-02,3129.449951171875
2021-06-03,3141.25
2021-06-04,3143.75
2021-06-07,3183.199951171875
2021-06-08,3200.14990234375
2021-06-09,3200.25
2021-06-10,3216.800048828125
2021-06-11,3273.800048828125
2021-06-14,3276.35009765625
2021-06-15,3262.75
2021-06-16,3274.35009765625
2021-06-17,3317.75
2021-06-18,3297.300048828125
2021-06-21,3273.10009765625
2021-06-22,3301.199951171875
2021-06-23,3261.39990234375
2021-06-24,3373.60009765625
2021-06-25,3380.800048828125
2021-06-28,3336.75
2021-06-29,3340.85009765625
2021-06-30,3345.75
2021-07-01,3341.5
2021-07-02,3325.449951171875
2021-07-05,3321.0
2021-07-06,3262.300048828125
2021-07-07,3274.949951171875
2021-07-08,3258.5
2021-07-09,3208.14990234375
2021-07-12,3193.10009765625
2021-07-13,3187.550048828125
2021-07-14,3214.550048828125
2021-07-15,3202.949951171875
2021-07-16,3194.800048828125
2021-07-19,3184.60009765625
2021-07-20,3205.800048828125
2021-07-22,3216.35009765625
2021-07-23,3212.85009765625
2021-07-26,3197.550048828125
2021-07-27,3182.949951171875
2021-07-28,3197.800048828125
2021-07-29,3195.800048828125
2021-07-30,3167.449951171875
2021-08-02,3219.39990234375
2021-08-03,3284.89990234375
2021-08-04,3273.949951171875
2021-08-05,3283.949951171875
2021-08-06,3309.800048828125
2021-08-09,3322.699951171875
2021-08-10,3333.89990234375
2021-08-11,3344.199951171875
2021-08-12,3351.75
2021-08-13,3463.39990234375
2021-08-16,3472.949951171875
2021-08-17,3553.050048828125
2021-08-18,3560.550048828125
2021-08-20,3559.5
2021-08-23,3637.39990234375
2021-08-24,3613.199951171875
2021-08-25,3659.0
2021-08-26,3671.85009765625
2021-08-27,3720.14990234375
2021-08-30,3701.300048828125
2021-08-31,3786.449951171875
2021-09-01,3714.949951171875
2021-09-02,3836.75
2021-09-03,3842.050048828125
2021-09-06,3852.0
2021-09-07,3815.89990234375
2021-09-08,3774.14990234375
2021-09-09,3791.39990234375
2021-09-13,3845.35009765625
2021-09-14,3885.89990234375
2021-09-15,3954.550048828125
2021-09-16,3903.300048828125
2021-09-17,3827.85009765625
2021-09-20,3823.5
2021-09-21,3862.949951171875
2021-09-22,3862.14990234375
2021-09-23,3869.25
2021-09-24,3871.300048828125
2021-09-27,3836.949951171875
2021-09-28,3779.14990234375
2021-09-29,3791.89990234375
2021-09-30,3775.550048828125
2021-10-01,3730.199951171875
2021-10-04,3773.300048828125
2021-10-05,3833.300048828125
2021-10-06,3810.89990234375
2021-10-07,3892.89990234375
2021-10-08,3935.64990234375
2021-10-11,3685.60009765625
2021-10-12,3652.85009765625
2021-10-13,3655.199951171875
2021-10-14,3611.449951171875
2021-10-18,3647.14990234375
2021-10-19,3634.14990234375
2021-10-20,3608.85009765625
2021-10-21,3532.5
2021-10-22,3498.85009765625
2021-10-25,3492.949951171875
2021-10-26,3482.60009765625
2021-10-27,3489.75
2021-10-28,3421.64990234375
2021-10-29,3397.75
2021-11-01,3476.39990234375
2021-11-02,3484.199951171875
2021-11-03,3492.25
2021-11-04,3508.64990234375
2021-11-08,3502.75
2021-11-09,3505.699951171875
2021-11-10,3484.300048828125
2021-11-11,3488.199951171875
2021-11-12,3526.050048828125
2021-11-15,3553.300048828125
2021-11-16,3556.39990234375
2021-11-17,3521.89990234375
2021-11-18,3475.699951171875
2021-11-22,3458.39990234375
2021-11-23,3464.25
2021-11-24,3443.300048828125
2021-11-25,3445.89990234375
2021-11-26,3446.85009765625
2021-11-29,3502.0
2021-11-30,3529.14990234375
2021-12-01,3577.800048828125
2021-12-02,3642.89990234375
2021-12-03,3640.449951171875
2021-12-06,3536.39990234375
2021-12-07,3584.5
